model,k_predictors,log_likelihood,AIC,BIC,pseudo_R2_McFadden,dropped_this_step
M0_full,14,-2754.313323859673,5538.626647719346,5637.082073095361,0.050294682201019514,
M1_drop_DIGOXIN,13,-2754.3270951822633,5536.654190364527,5628.545920715474,0.05028993375857327,DIGOXIN
M2_drop_ACE_INHIBITOR,12,-2754.3519142734353,5534.703828546871,5620.03186387275,0.050281375972984765,ACE_INHIBITOR
M3_drop_PCI_HISTORY,11,-2754.8364184107204,5533.672836821441,5612.437177122252,0.050114315765386386,PCI_HISTORY
M4_drop_SBP_PER10_DECREASE,10,-2755.4515574019106,5532.903114803821,5605.103760079565,0.04990221180246457,SBP_PER10_DECREASE
M5_drop_ARB,9,-2756.2058760060636,5532.411752012127,5598.048702262804,0.04964211779519501,ARB
M6_drop_NITRATES,8,-2757.021914146069,5532.043828292138,5591.117083517746,0.049360742486737386,NITRATES
M7_drop_STATIN,7,-2758.6513254777597,5533.302650955519,5585.812211156061,0.04879891076149989,STATIN
M8_drop_ICD_PACEMAKER,6,-2760.4759088797227,5534.9518177594455,5580.897682934919,0.04816978242500991,ICD_PACEMAKER
